기업,회계연도,단위,매출,영업이익,영업이익률(%)(계산값),R&D비용,영업활동현금흐름,현금화비율(영업CF÷영업이익)(계산값),총차입금,주요고객사,연결/별도,출처URL,비고
현대모비스,FY2023,KRW 백만원,59254361,2295284,3.87,1594077,5342631,2.33,2232206,"현대자동차 및 종속회사 43.0%, 기아 및 종속회사 35.3%",연결,https://dart.fss.or.kr/dsaf001/main.do?rcpNo=20240319000626,"사업보고서 연결재무제표(K-IFRS), 원 단위 원문을 백만원으로 반올림. R&D=「연구개발비용 계」(자본화분 포함 지출총액, 정부보조금 차감 전). 총차입금=유동성장기부채및단기차입금+사채및장기차입금 (1,540,144 + 692,062), 리스부채 제외. 주요고객사 비중은 매출 대비(사업보고서 주요 매출처). FY2025 보고서에는 2023 R&D가 1,549,077로 기재(오기 추정) — 여기서는 FY2023·FY2024 보고서 값 1,594,077. 출처는 [기재정정] 사업보고서(2024-03-19, 최종본)."
현대모비스,FY2024,KRW 백만원,57236995,3073456,5.37,1749920,4252694,1.38,2998669,"현대자동차 및 종속회사 41.2%, 기아 및 종속회사 34.9%",연결,https://dart.fss.or.kr/dsaf001/main.do?rcpNo=20250311001180,"사업보고서 연결재무제표(K-IFRS), 원 단위 원문을 백만원으로 반올림. R&D=「연구개발비용 계」(자본화분 포함 지출총액, 정부보조금 차감 전). 총차입금=유동차입금(사채·장기차입금 유동성분 포함)+비유동차입금(사채 포함) (1,071,184 + 1,927,485), 리스부채 제외. 주요고객사 비중은 매출 대비(사업보고서 주요 매출처)."
현대모비스,FY2025,KRW 백만원,61118127,3357456,5.49,1877359,4472515,1.33,2945574,"현대자동차 및 종속회사 39.4%, 기아 및 종속회사 35.8%",연결,https://dart.fss.or.kr/dsaf001/main.do?rcpNo=20260309001878,"사업보고서 연결재무제표(K-IFRS), 원 단위 원문을 백만원으로 반올림. R&D=「연구개발비용 계」(자본화분 포함 지출총액, 정부보조금 차감 전). 총차입금=유동차입금(사채·장기차입금 유동성분 포함)+비유동차입금(사채 포함) (1,127,064 + 1,818,510), 리스부채 제외. 주요고객사 비중은 매출 대비(사업보고서 주요 매출처)."
HL만도,FY2023,KRW 백만원,8393087,279277,3.33,368720,429387,1.54,2017135,"현대자동차·기아·현대모비스·현대위아 약 42%, GM Group 포함 북미 OEM 약 29%",연결,https://dart.fss.or.kr/dsaf001/main.do?rcpNo=20240516001059,"사업보고서 연결재무제표(K-IFRS), 원 단위 원문을 백만원으로 반올림. R&D=「연구개발비용 계」(자본화분 포함 지출총액, 정부보조금 차감 전). 총차입금=단기차입금+유동성장기차입금+유동성사채+사채+장기차입금 (172,581 + 333,848 + 469,851 + 418,865 + 621,988), 리스부채 제외. 주요고객사 비중은 매출 대비(사업보고서 주요 매출처). 출처는 [기재정정] 사업보고서(2024-05-16, 최종본)."
HL만도,FY2024,KRW 백만원,8848182,358761,4.05,489268,434658,1.21,1988903,"현대자동차·기아·현대모비스·현대위아 약 44%, GM Group 포함 북미 OEM 약 27%",연결,https://dart.fss.or.kr/dsaf001/main.do?rcpNo=20250326001216,"사업보고서 연결재무제표(K-IFRS), 원 단위 원문을 백만원으로 반올림. R&D=「연구개발비용 계」(자본화분 포함 지출총액, 정부보조금 차감 전). 총차입금=단기차입금및유동성장기차입금+유동성사채+사채+장기차입금 (803,122 + 9,994 + 648,496 + 527,290), 리스부채 제외. 주요고객사 비중은 매출 대비(사업보고서 주요 매출처). 출처는 [기재정정] 사업보고서(2025-03-26, 최종본)."
HL만도,FY2025,KRW 백만원,9454813,357121,3.78,477752,720938,2.02,1925120,"현대자동차·기아·현대모비스·현대위아 약 43%, GM Group 포함 북미 OEM 약 27%",연결,https://dart.fss.or.kr/dsaf001/main.do?rcpNo=20260318000883,"사업보고서 연결재무제표(K-IFRS), 원 단위 원문을 백만원으로 반올림. R&D=「연구개발비용 계」(자본화분 포함 지출총액, 정부보조금 차감 전). 총차입금=단기차입금및유동성장기차입금+유동성사채+사채+장기차입금 (659,326 + 299,901 + 598,514 + 367,378), 리스부채 제외. 주요고객사 비중은 매출 대비(사업보고서 주요 매출처)."
한온시스템,FY2023,KRW 백만원,9559328,277279,2.90,441916,517356,1.87,4146406,"현대자동차 23.50%, 현대모비스 15.00%, Ford 12.69%",연결,https://dart.fss.or.kr/dsaf001/main.do?rcpNo=20240320000500,"사업보고서 연결재무제표(K-IFRS), 원 단위 원문을 백만원으로 반올림. R&D=「연구개발비용 계」(자본화분 포함 지출총액, 정부보조금 차감 전). 총차입금=유동 차입금(유동성 대체분 포함)+유동 사채(유동성 대체분 포함)+비유동 사채+비유동 차입금 (967,480 + 499,779 + 1,413,189 + 1,265,959), 리스부채 제외. 주요고객사 비중은 매출 대비(사업보고서 주요 매출처). FY2024 보고서에서 2023년 매출 9,521,628·영업이익 283,585(백만원)로 재작성(중단영업 반영) — 여기서는 FY2023 보고서 원수치."
한온시스템,FY2024,KRW 백만원,9998723,95537,0.96,489257,569254,5.96,4567451,"현대자동차 21.14%, 현대모비스 19.54%, Ford 12.62%",연결,https://dart.fss.or.kr/dsaf001/main.do?rcpNo=20260318000466,"사업보고서 연결재무제표(K-IFRS), 원 단위 원문을 백만원으로 반올림. R&D=「연구개발비용 계」(자본화분 포함 지출총액, 정부보조금 차감 전). 총차입금=유동 금융기관 차입금(유동성 대체분 포함)+유동 사채+비유동 사채+비유동 금융기관 차입금 (1,958,676 + 482,751 + 1,337,543 + 788,480), 리스부채 제외. 주요고객사 비중은 매출 대비(사업보고서 주요 매출처). 출처는 2026-03-18 [기재정정] 사업보고서(별도 손익 재분류 정정, 연결 수치는 원본과 동일)."
한온시스템,FY2025,KRW 백만원,10883728,270372,2.48,413619,112337,0.42,3237601,"현대자동차 21.39%, 현대모비스 19.30%, Ford 12.48%",연결,https://dart.fss.or.kr/dsaf001/main.do?rcpNo=20260318000645,"사업보고서 연결재무제표(K-IFRS), 원 단위 원문을 백만원으로 반올림. R&D=「연구개발비용 계」(자본화분 포함 지출총액, 정부보조금 차감 전). 총차입금=유동 금융기관 차입금(유동성 대체분 포함)+유동 사채+비유동 사채+비유동 금융기관 차입금 (1,008,002 + 684,765 + 654,093 + 890,741), 리스부채 제외. 주요고객사 비중은 매출 대비(사업보고서 주요 매출처). 2025년 한국타이어앤테크놀로지가 최대주주로 경영권 인수."
