기업,회계연도,기간(시작~종료),통화·단위,매출,영업이익,영업이익률(%)(계산값),R&D비용,R&D비율(%)(계산값),연결/별도,출처URL,비고
현대자동차,FY2023,2023-01-01~2023-12-31,KRW 백만원,162663579,15126901,9.30,3973573,2.44,연결,https://dart.fss.or.kr/dsaf001/main.do?rcpNo=20240313001451,"사업보고서 연결재무제표(K-IFRS). R&D=사업보고서 「연구개발활동-연구개발비용 계」(정부보조금 차감 전 지출총액, 자본화 개발비 포함). 회사 공시 R&D/매출 비율 2.4%. 연결 매출에 금융부문(현대캐피탈 등)·기타부문 포함."
현대자동차,FY2024,2024-01-01~2024-12-31,KRW 백만원,175231153,14239592,8.13,4589424,2.62,연결,https://dart.fss.or.kr/dsaf001/main.do?rcpNo=20250312001148,"사업보고서 연결재무제표(K-IFRS). R&D=사업보고서 「연구개발활동-연구개발비용 계」(정부보조금 차감 전 지출총액, 자본화 개발비 포함). 회사 공시 R&D/매출 비율 2.6%. 연결 매출에 금융부문(현대캐피탈 등)·기타부문 포함."
현대자동차,FY2025,2025-01-01~2025-12-31,KRW 백만원,186254472,11467851,6.16,5535385,2.97,연결,https://dart.fss.or.kr/dsaf001/main.do?rcpNo=20260318001394,"사업보고서 연결재무제표(K-IFRS). R&D=사업보고서 「연구개발활동-연구개발비용 계」(정부보조금 차감 전 지출총액, 자본화 개발비 포함). 회사 공시 R&D/매출 비율 3.0%. 연결 매출에 금융부문(현대캐피탈 등)·기타부문 포함."
기아,FY2023,2023-01-01~2023-12-31,KRW 백만원,99808420,11607873,11.63,2609188,2.61,연결,https://dart.fss.or.kr/dsaf001/main.do?rcpNo=20240312000909,"사업보고서 연결재무제표(K-IFRS). R&D=사업보고서 「연구개발활동-연구개발비용 계」(정부보조금 차감 전 지출총액, 자본화 개발비 포함). 회사 공시 R&D/매출 비율 2.6%. 연구개발비용 계=판관비+제조경비+개발비(취득액). 출처는 [기재정정] 사업보고서(최종본)."
기아,FY2024,2024-01-01~2024-12-31,KRW 백만원,107448752,12667139,11.79,3247305,3.02,연결,https://dart.fss.or.kr/dsaf001/main.do?rcpNo=20250313001390,"사업보고서 연결재무제표(K-IFRS). R&D=사업보고서 「연구개발활동-연구개발비용 계」(정부보조금 차감 전 지출총액, 자본화 개발비 포함). 회사 공시 R&D/매출 비율 3.0%. 연구개발비용 계=판관비+제조경비+개발비(취득액). 출처는 [기재정정] 사업보고서(최종본)."
기아,FY2025,2025-01-01~2025-12-31,KRW 백만원,114140919,9078148,7.95,3712383,3.25,연결,https://dart.fss.or.kr/dsaf001/main.do?rcpNo=20260312001224,"사업보고서 연결재무제표(K-IFRS). R&D=사업보고서 「연구개발활동-연구개발비용 계」(정부보조금 차감 전 지출총액, 자본화 개발비 포함). 회사 공시 R&D/매출 비율 3.3%. 연구개발비용 계=판관비+제조경비+개발비(취득액)."
도요타,"2023년도(2024년 3월기, 도요타 표기 fiscal 2024)",2023-04-01~2024-03-31,JPY 백만 엔(百万円),45095325,5352934,11.87,1202373,2.67,연결,https://www.sec.gov/Archives/edgar/data/1094517/000119312526264811/d101983d20f.htm,"3월 결산: 타사 2023년과 9개월만 겹침. Form 20-F(2026-06-10 제출, IFRS) 연결손익계산서 Total sales revenues(금융서비스 매출 포함)·Operating income. R&D=주석 28 「R&D expenditures incurred during the year」(자본화 전 지출액). 손익계산서 인식 R&D비용(지출-자본화+상각)은 1,238,271백만 엔."
도요타,"2024년도(2025년 3월기, 도요타 표기 fiscal 2025)",2024-04-01~2025-03-31,JPY 백만 엔(百万円),48036704,4795586,9.98,1326496,2.76,연결,https://www.sec.gov/Archives/edgar/data/1094517/000119312526264811/d101983d20f.htm,"3월 결산: 타사 2024년과 9개월만 겹침. Form 20-F(2026-06-10 제출, IFRS) 연결손익계산서 Total sales revenues(금융서비스 매출 포함)·Operating income. R&D=주석 28 「R&D expenditures incurred during the year」(자본화 전 지출액). 손익계산서 인식 R&D비용(지출-자본화+상각)은 1,377,018백만 엔."
도요타,"2025년도(2026년 3월기, 도요타 표기 fiscal 2026)",2025-04-01~2026-03-31,JPY 백만 엔(百万円),50684952,3766216,7.43,1522881,3.00,연결,https://www.sec.gov/Archives/edgar/data/1094517/000119312526264811/d101983d20f.htm,"3월 결산: 타사 2025년과 9개월만 겹침. Form 20-F(2026-06-10 제출, IFRS) 연결손익계산서 Total sales revenues(금융서비스 매출 포함)·Operating income. R&D=주석 28 「R&D expenditures incurred during the year」(자본화 전 지출액). 손익계산서 인식 R&D비용(지출-자본화+상각)은 1,567,910백만 엔."
폭스바겐그룹,FY2023,2023-01-01~2023-12-31,EUR 백만 유로(€ million),322284,22576,7.01,21779,6.76,연결,https://annualreport2023.volkswagen-group.com/group-management-report/results-of-operations-financial-position-and-net-assets/results-of-operations.html ; https://annualreport2023.volkswagen-group.com/group-management-report/sustainable-value-enhancement/research-and-development.html,"연차보고서(IFRS) Group sales revenue·Operating result. R&D=자동차부문(Automotive Division) Total research and development costs(자본화 개발비 포함), 손익 인식분 15,824. 회사 R&D ratio 8.1%는 자동차부문 매출 대비라 계산값(그룹 매출 대비)과 다름. 해당 연도 보고서 원수치 사용. 이후 AR2024에서 2023 영업이익이 22,528로 조정 표시됨."
폭스바겐그룹,FY2024,2024-01-01~2024-12-31,EUR 백만 유로(€ million),324656,19060,5.87,20999,6.47,연결,https://annualreport2024.volkswagen-group.com/group-management-report/results-of-operations-financial-position-and-net-assets/results-of-operations.html ; https://annualreport2024.volkswagen-group.com/group-management-report/sustainable-value-enhancement/research-and-development.html,"연차보고서(IFRS) Group sales revenue·Operating result. R&D=자동차부문(Automotive Division) Total research and development costs(자본화 개발비 포함), 손익 인식분 17,963. 회사 R&D ratio 7.9%는 자동차부문 매출 대비라 계산값(그룹 매출 대비)과 다름. 해당 연도 보고서 원수치 사용. AR2025에서 2024 R&D 총액이 21,030(손익 인식 17,995)으로 조정 표시됨."
폭스바겐그룹,FY2025,2025-01-01~2025-12-31,EUR 백만 유로(€ million),321913,8868,2.75,19412,6.03,연결,https://annualreport2025.volkswagen-group.com/group-management-report/results-of-operations-financial-position-and-net-assets/results-of-operations.html ; (R&D 표도 같은 페이지),"연차보고서(IFRS) Group sales revenue·Operating result. R&D=자동차부문(Automotive Division) Total research and development costs(자본화 개발비 포함), 손익 인식분 18,434. 회사 R&D ratio 6.7%는 자동차부문 매출 대비라 계산값(그룹 매출 대비)과 다름. 해당 연도 보고서 원수치 사용. Porsche 관련 손상·미국 관세 등 특수요인 포함(특수요인 전 영업이익 14.8 bn €, 회사 발표)."
테슬라,FY2023,2023-01-01~2023-12-31,USD 백만 달러,96773,8891,9.19,3969,4.10,연결,https://www.sec.gov/Archives/edgar/data/1318605/000162828024002390/tsla-20231231.htm,"Form 10-K(US GAAP) Total revenues·Income from operations·Research and development(비용 처리액, US GAAP상 개발비 자본화 거의 없음). 매출에 에너지·서비스·규제크레딧 포함."
테슬라,FY2024,2024-01-01~2024-12-31,USD 백만 달러,97690,7076,7.24,4540,4.65,연결,https://www.sec.gov/Archives/edgar/data/1318605/000162828025003063/tsla-20241231.htm,"Form 10-K(US GAAP) Total revenues·Income from operations·Research and development(비용 처리액, US GAAP상 개발비 자본화 거의 없음). 매출에 에너지·서비스·규제크레딧 포함."
테슬라,FY2025,2025-01-01~2025-12-31,USD 백만 달러,94827,4355,4.59,6411,6.76,연결,https://www.sec.gov/Archives/edgar/data/1318605/000162828026003952/tsla-20251231.htm,"Form 10-K(US GAAP) Total revenues·Income from operations·Research and development(비용 처리액, US GAAP상 개발비 자본화 거의 없음). 매출에 에너지·서비스·규제크레딧 포함."
BYD,FY2023,2023-01-01~2023-12-31,CNY 천 위안(人民币千元),602315354,38103095,6.33,39917743,6.63,연결,https://static.cninfo.com.cn/finalpage/2024-03-27/1219412018.PDF,"선전거래소 A주 年度报告(중국기업회계준칙 CAS) 합병이윤표 营业收入·营业利润(인민폐 천 위안 단위 원문). 营业利润은 투자수익·기타수익·자산손상 등을 포함하는 CAS 개념이라 IFRS 영업이익과 범위가 다름(홍콩 HKFRS 보고서에는 영업이익 행이 없음). R&D=研发投入金额(자본화분 포함, 원문 元 단위를 천 위안으로 표기), 손익 研发费用은 39,574,945천 위안. 회사 공시 研发投入/营业收入 6.63%."
BYD,FY2024,2024-01-01~2024-12-31,CNY 천 위안(人民币千元),777102455,50486047,6.50,54160964,6.97,연결,https://static.cninfo.com.cn/finalpage/2025-03-25/1222881496.PDF,"선전거래소 A주 年度报告(중국기업회계준칙 CAS) 합병이윤표 营业收入·营业利润(인민폐 천 위안 단위 원문). 营业利润은 투자수익·기타수익·자산손상 등을 포함하는 CAS 개념이라 IFRS 영업이익과 범위가 다름(홍콩 HKFRS 보고서에는 영업이익 행이 없음). R&D=研发投入金额(자본화분 포함, 원문 元 단위를 천 위안으로 표기), 손익 研发费用은 53,194,745천 위안. 회사 공시 研发投入/营业收入 6.97%."
BYD,FY2025,2025-01-01~2025-12-31,CNY 천 위안(人民币千元),803964958,40184709,5.00,63441379,7.89,연결,https://static.cninfo.com.cn/finalpage/2026-03-28/1225045351.PDF,"선전거래소 A주 年度报告(중국기업회계준칙 CAS) 합병이윤표 营业收入·营业利润(인민폐 천 위안 단위 원문). 营业利润은 투자수익·기타수익·자산손상 등을 포함하는 CAS 개념이라 IFRS 영업이익과 범위가 다름(홍콩 HKFRS 보고서에는 영업이익 행이 없음). R&D=研发投入金额(자본화분 포함, 원문 元 단위를 천 위안으로 표기), 손익 研发费用은 57,978,105천 위안. 회사 공시 研发投入/营业收入 7.89%."
