로봇,도입기업·현장,시작시기,기간,작업,공개된KPI·성과,확대조건·다음단계,출처URL
Figure 02(Figure AI),BMW 스파르탄버그 공장(미국),2024년(시험 운용 발표 2024-08),수 주,판금 부품을 지그(고정구)에 삽입→차체 조립,정밀도 '밀리미터 단위'(구체 수치 없음),"BMW 발표: 공장 도입 일정은 정해지지 않음, 데이터 수집·학습 협력 지속",https://www.press.bmwgroup.com/usa/article/detail/T0444268EN_US/successful-test-of-humanoid-robots-at-bmw-group-plant-spartanburg
Figure 02(Figure AI),BMW 스파르탄버그 공장(미국),확인 불가(기사에 시작일 미명시),11개월,차체 용접 공정용 판금 부품 적재,"가동 1,250시간; 부품 90,000개 이상 적재; BMW X3 30,000대 이상 생산 기여; 요구조건은 사이클 84초(적재 37초)·교대당 정확도 99%·5mm 공차",전완부가 주요 고장 부위 → Figure 03에서 손목 전자부 재설계,https://www.repairerdrivennews.com/2025/11/25/humanoid-robots-complete-11-month-project-at-bmw-plant/
Figure 03(Figure AI),BMW 스파르탄버그 공장(미국),2026년(Figure 03 발표 2026-06-25 이후),진행 중,물류 시퀀싱(부품을 트롤리에 분류해 라인에 JIT 공급),확인 불가(공개 KPI 없음),BMW는 라이프치히에서 Hexagon AEON 휴머노이드 별도 파일럿(2025-12 시작) 병행,https://www.industrialsage.com/bmw-figure-ai-humanoid-robots-spartanburg-2026/
Atlas(Boston Dynamics),"현대차그룹 메타플랜트 아메리카(HMGMA, 미국 조지아) RMAC",2026-09(RMAC 개소),훈련·검증 단계,"물류 준비, 조립 순서대로 부품 정렬(시퀀싱) 훈련",확인 불가(공개 KPI 없음),"2028년 부품 분류부터 투입, 2030년 부품 조립 확대; RMAC 내년 약 10배 확장; 현대·기아 사업장 25,000대 계획, 미국 로봇공장 연 30,000대 생산능력",https://en.sedaily.com/finance/2026/09/22/hyundai-opens-robot-training-center-at-us-metaplant-for
Spot(Boston Dynamics),기아 오토랜드 광명(경기),2021-09(시험 운영),확인 불가,공장 안전 순찰: 고온·화재 위험·문 개폐 감지(열화상·라이다 탑재),확인 불가(공개 KPI 없음),Boston Dynamics와 위험 감지 서비스 공동 개발 지속,https://techcrunch.com/2021/09/17/boston-dynamics-owner-hyundai-deploys-spot-for-factory-safety-monitoring
Spot(Boston Dynamics),기아 오토랜드 화성,확인 불가(2023-10 보도 시점 운영 중),확인 불가,"화재·폭발 취약 라인, 중대재해 위험 구역 야간 점검",4대 운용; 매일 오전 2시·4시 두 차례 순찰(성과 수치 없음),확인 불가,https://www.kedglobal.com/newsView/ked202310170002
Stretch(Boston Dynamics),DHL 공급망(북미·영국·유럽),2023년 북미 상업 도입(파트너십 2018년),운영 중,트레일러 하역·케이스 처리,시간당 최대 700케이스 하역,"2025-05 MOU로 1,000대 이상 추가 배치, 케이스 피킹으로 확대 예정",https://www.insidelogistics.ca/robotics/dhl-to-deploy-1000-more-boston-dynamics-robots-globally/
Digit(Agility Robotics),GXO – SPANX 물류센터(미국 조지아 애틀랜타 인근),2023년 말 PoC → 2024-06 다년 RaaS 계약,다년 계약,협동로봇의 토트를 컨베이어로 옮기기,확인 불가(계약 발표에 KPI 없음),추가 용도 탐색·수요에 맞춰 Digit 확대(업계 첫 휴머노이드 RaaS 계약),https://agilityrobotics.com/content/gxo-signs-industry-first-multi-year-agreement-with-agility-robotics
Digit(Agility Robotics),GXO 플라워리브랜치 시설(미국 조지아),확인 불가,확인 불가,AMR→컨베이어 토트 이송,"실운영에서 토트 100,000개 이상 이동(2025-11 보도)",확인 불가(기사에 구체 계획 없음),https://interestingengineering.com/ai-robotics/digit-humanoid-robot-moves-100000-totes
Apollo(Apptronik),메르세데스-벤츠 베를린 마리엔펠데 디지털 팩토리 캠퍼스·헝가리 케치케메트,확인 불가,확인 불가,"부품을 라인으로 운반, 품질 검사(원격조작·AR로 학습)",확인 불가(공개 KPI 없음),"다른 사업장 확대 계획, 단가가 '수만 달러' 수준으로 내려가는 것이 조건",https://www.aol.com/news/mercedes-benz-takes-stake-robotics-150148224.html
