구분,날짜,기업,제목(원문),매체,한줄요약,출처URL
중국EV가격전략,2026-04-24,BYD,China's EV price war rages on as BYD sets record discounts,Automotive World,"BYD 평균 할인폭이 2026년 3월 10%로 사상 최대, 중국 생산능력 연 5,550만 대 대비 2025년 내수 약 2,300만 대로 가동률 약 50%",https://www.automotiveworld.com/news/chinas-ev-price-war-rages-on-as-byd-sets-record-discounts/
중국EV가격전략,2026-08-12,BYD,"BYD's new electric sedan is the size of a Tesla Model 3, but half the price",Electrek,"2027년형 Seal 06을 EV 109,900위안·PHEV 99,900위안부터 내놓아 모델3급 크기에 절반 가격, 5분 10→70% 플래시 충전 탑재",https://electrek.co/2026/08/12/byds-new-ev-sedan-size-of-tesla-model-3-half-the-price/
중국EV가격전략,2026-09-17,BYD,"BYD launches updated Yuan Up in China from $11,070 with longer-range options",CnEVPost,"2027년형 Yuan Up을 74,800~104,800위안에 출시, 401km 트림 시작가를 99,800위안에서 81,800위안으로 18,000위안 인하",https://cnevpost.com/2026/09/17/byd-launches-updated-yuan-up-china/
중국EV가격전략,2026-08-28,BYD,BYD H1 profit falls 20.5% as overseas growth fails to offset China weakness,CnEVPost,"2026년 상반기 순이익 123.3억 위안(-20.54%), 매출 3,448.2억 위안(-7.13%), 해외 약 79.2만 대(+67.8%)로 내수 가격경쟁 부담이 실적에 반영",https://cnevpost.com/2026/08/28/byd-h1-2026-earnings/
중국EV가격전략,2026-06-17,BYD,BYD extends Brazil vertical integration with battery push,Automotive World,브라질 바이아 공장에 승용 배터리팩 조립·ESS 라인을 더해 2027년 초 현지화율 50%를 목표로 하는 등 해외에서도 수직계열화 확대,https://www.automotiveworld.com/news/byd-extends-brazil-vertical-integration-with-battery-push/
완성차원가대응,2026-08-26,현대자동차,Hyundai Is Slashing Battery Costs And Increasing Their Lifespan By 20%,Carscoops,"미드니켈 NCM 셀로 배터리 원가 약 30% 절감, 북미 부품 현지조달 비중 60%→80% 상향 계획 발표",https://www.carscoops.com/2026/08/hyundai-battery-autonomous-update/
완성차원가대응,2026-06-05,폭스바겐 그룹,Volkswagen's push for more affordable EVs starts with these two,Electrek,"ID. Polo(24,995유로~)·Cupra Raval을 공용 MEB+ 플랫폼으로 생산해 6억 유로 원가 절감 효과를 냈다고 밝힘",https://electrek.co/2026/06/05/volkswagens-more-affordable-evs-starts-with-these-two/
완성차원가대응,2025-12-24,포드,"Ford's Universal EV Platform To Greatly Reduce Cost, Production Time",Ford Authority,"신규 UEV 플랫폼으로 공정 단계 40%·부품 수 20%·생산시간 15% 감축, 2027년 중형 전기 픽업부터 적용",https://fordauthority.com/2025/12/fords-new-universal-ev-platform-to-greatly-reduce-cost-production-time-and-parts/
완성차원가대응,2025-11-25,폭스바겐 그룹,"Volkswagen can now build EVs in China, claiming it can cut costs by up to 50%",Electrek,"허페이 VCTC에서 현지 기술·공급사를 초기 단계부터 활용해 특정 프로젝트의 신차 원가를 최대 50%, 개발기간을 30% 줄일 수 있다고 밝힘",https://electrek.co/2025/11/25/volkswagen-build-evs-china-cut-costs-by-50/
완성차원가대응,2025-08-12,GM·현대자동차,Here's Why GM And Hyundai Are Developing Vehicles Together,GM Authority,GM과 현대차가 5개 차종을 공동 개발하고 원자재·부품 공동 조달로 비용을 낮추며 2028년까지 연 80만 대 이상 판매를 목표,https://gmauthority.com/blog/2025/08/heres-why-gm-and-hyundai-are-developing-vehicles-together/
