번호,날짜,제목(원문),매체,한줄요약,핵심키워드,분류(기술/시장/정책),SDV관련(Y/N),출처URL
1,2026-10-06,Nissan expands Applied Intuition tie-up to in-vehicle OS,Automotive World,닛산이 Applied Intuition과의 협력을 시뮬레이션에서 차량 OS·AI 개발도구로 넓혀 AI 정의 차량(AIDV) 개발에 쓰기로 함(차종·출시일은 미발표),닛산; Applied Intuition; Vehicle OS; AIDV,기술,Y,https://www.automotiveworld.com/news/nissan-expands-applied-intuition-tie-up-to-in-vehicle-os/
2,2026-10-06,Applied Intuition and Honda Partner on Software-Defined Vehicles,Applied Intuition(회사 블로그),혼다가 Applied Intuition의 Vehicle OS로 전기·하이브리드·내연기관 아키텍처를 하나의 SDV 소프트웨어 기반으로 통합하기로 함,혼다; SDV 플랫폼; Vehicle OS; 파워트레인 통합,기술,Y,https://www.appliedintuition.com/blog/honda-applied-intuition-sdv-platform
3,2026-09-30,RideFlux teams up with KGM and Hyundai Mobis to install AI self-driving software in finished cars,DigitalToday(영문판),라이드플럭스·KG모빌리티·현대모비스가 MOU를 맺고 KGM 양산차에 현대모비스 SDV 플랫폼과 라이드플럭스 AI 자율주행 SW를 탑재하기로 함,KGM; 현대모비스; 라이드플럭스; SDV 플랫폼; M.AX 얼라이언스,기술,Y,https://www.digitaltoday.co.kr/en/view/109092/rideflux-teams-up-with-kgm-and-hyundai-mobis-to-install-ai-self-driving-software-in-finished-cars
4,2026-09-24,BlackBerry Reports Second Quarter Fiscal Year 2027 Results,Newswire(BlackBerry 보도자료),"블랙베리 QNX 부문 매출이 FY27 2분기(2026-08-31 종료 3개월) 8,030만 달러로 전년 대비 27% 늘어 분기 최대를 기록함",BlackBerry QNX; 차량 OS; 로열티; 디자인윈,시장,Y,https://www.newswire.com/news/blackberry-reports-second-quarter-fiscal-year-2027-results
5,2026-10-01,Valeo selected as partner for Nissan's next-generation ProPILOT (MarkLines 요약),MarkLines,발레오가 닛산 차세대 ProPILOT의 Tier-1 시스템 파트너로 선정돼 Wayve AI Driver를 ADAS 도메인 컨트롤러 기반 플랫폼에 통합함,발레오; 닛산; Wayve; ProPILOT; ADAS 도메인 컨트롤러,기술,Y,https://www.marklines.com/en/news/351788
6,2026-10-02,BYD September Sales Hit 2026 High as Electric Vehicle Demand Rebounds,ElectricCarsReport,"BYD 9월 신에너지차 판매 463,561대(전년比 +16.98%), 해외 180,700대(+153.59%)로 해외가 성장을 이끌고 국내는 282,861대(-12.97%)",BYD; 월간 판매; 해외 판매; BEV 비중,시장,N,https://electriccarsreport.com/2026/10/byd-september-2026-sales/
7,2026-10-02,Yet another record setting month for electric car sales as EVs and PHEVs boost market,Electrifying.com(SMMT 집계 인용),"영국 9월 신차 등록에서 전기차 약 10만 대·PHEV 약 6만 대, 2026년 누적 전기차 등록 45만5천 대(SMMT 등록 기준)",영국; SMMT; 신차 등록; 무공해차 비중,시장,N,https://www.electrifying.com/blog/article/smmt-new-car-sales-up-september-2026
8,2026-10-06,"VFACTS September 2026: EVs beat petrol, diesel models once again in new-vehicle sales",CarExpert,"호주 9월 신차 108,778대 중 EV 26,287대(점유율 24.2%, 전년比 +117.7%)로 두 달 연속 가솔린·디젤 단독 판매를 앞섬",호주; VFACTS; EV 점유율; 유가,시장,N,https://www.carexpert.com.au/car-news/vfacts-september-2026-evs-beat-petrol-diesel-models-once-again-in-new-vehicle-sales
9,2026-10-05,UK Weighs Tariffs on Chinese EVs as Brands Top 25% of September Sales,EV (eletric-vehicles.com),"영국 정부가 중국산 전기차 관세 옵션을 검토 중이라는 The Times 보도(정부 미확정), 9월 중국 브랜드 비중이 25%를 넘음",영국; 중국산 EV; 관세; EU 상계관세,정책,N,https://eletric-vehicles.com/nio/uk-weighs-tariffs-on-chinese-evs-as-brands-top-25-of-september-sales
10,2026-09-30,"One year after the end of the EV tax credit, is the future still electric?",NPR,"미국 연방 EV 세액공제(7,500달러) 종료 1년 뒤 EV 판매는 2025년 말 전년比 36%, 2026년 1분기 27% 감소했고 하이브리드가 늘었음",미국; 세액공제 종료; 하이브리드; EV 수요,정책,N,https://www.npr.org/2026/09/30/nx-s1-5979915/ev-hybrid-sales-2026-federal-tax-credit
