시간,설비,진동(mm/s),온도(℃),압력(bar),기록장치,비고
2026-09-15 08:00,설비A(프레스 메인모터),0.99,51.0,120.8,로거1,실습용 가상 데이터 · 단위 확인 실습용
2026-09-15 08:20,설비A(프레스 메인모터),1.05,51.7,118.7,로거1,실습용 가상 데이터 · 단위 확인 실습용
2026-09-15 08:40,설비A(프레스 메인모터),0.92,51.9,121.5,로거1,실습용 가상 데이터 · 단위 확인 실습용
2026-09-15 09:00,설비A(프레스 메인모터),0.93,52.9,119.6,로거1,실습용 가상 데이터 · 단위 확인 실습용
2026-09-15 09:20,설비A(프레스 메인모터),1.05,51.6,120.9,로거1,실습용 가상 데이터 · 단위 확인 실습용
2026-09-15 09:40,설비A(프레스 메인모터),1.0,51.5,119.9,로거1,실습용 가상 데이터 · 단위 확인 실습용
2026-09-15 10:00,설비A(프레스 메인모터),0.93,123.6,118.8,로거2(교체품),실습용 가상 데이터 · 단위 확인 실습용
2026-09-15 10:20,설비A(프레스 메인모터),0.96,124.7,118.3,로거2(교체품),실습용 가상 데이터 · 단위 확인 실습용
2026-09-15 10:40,설비A(프레스 메인모터),0.93,124.0,118.3,로거2(교체품),실습용 가상 데이터 · 단위 확인 실습용
2026-09-15 11:00,설비A(프레스 메인모터),0.96,51.6,120.0,로거1,실습용 가상 데이터 · 단위 확인 실습용
2026-09-15 11:20,설비A(프레스 메인모터),1.06,52.1,118.1,로거1,실습용 가상 데이터 · 단위 확인 실습용
2026-09-15 11:40,설비A(프레스 메인모터),1.0,51.8,121.4,로거1,실습용 가상 데이터 · 단위 확인 실습용
2026-09-15 12:00,설비A(프레스 메인모터),1.1,52.5,121.9,로거1,실습용 가상 데이터 · 단위 확인 실습용
2026-09-15 12:20,설비A(프레스 메인모터),0.9,51.0,118.6,로거1,실습용 가상 데이터 · 단위 확인 실습용
2026-09-15 12:40,설비A(프레스 메인모터),3.5,52.8,119.9,로거1,실습용 가상 데이터 · 단위 확인 실습용
2026-09-15 13:00,설비A(프레스 메인모터),1.0,50.9,119.0,로거1,실습용 가상 데이터 · 단위 확인 실습용
2026-09-15 13:20,설비A(프레스 메인모터),1.04,51.8,121.8,로거1,실습용 가상 데이터 · 단위 확인 실습용
2026-09-15 13:40,설비A(프레스 메인모터),0.94,53.1,118.6,로거1,실습용 가상 데이터 · 단위 확인 실습용
2026-09-15 14:00,설비A(프레스 메인모터),1.06,52.5,121.3,로거1,실습용 가상 데이터 · 단위 확인 실습용
2026-09-15 14:20,설비A(프레스 메인모터),1.06,51.0,118.1,로거1,실습용 가상 데이터 · 단위 확인 실습용
2026-09-15 14:40,설비A(프레스 메인모터),1.02,51.6,120.3,로거1,실습용 가상 데이터 · 단위 확인 실습용
2026-09-15 15:00,설비A(프레스 메인모터),1.03,52.8,118.9,로거1,실습용 가상 데이터 · 단위 확인 실습용
2026-09-15 15:20,설비A(프레스 메인모터),0.99,50.9,120.9,로거1,실습용 가상 데이터 · 단위 확인 실습용
2026-09-15 15:40,설비A(프레스 메인모터),0.93,51.7,118.5,로거1,실습용 가상 데이터 · 단위 확인 실습용
2026-09-15 16:00,설비A(프레스 메인모터),1.03,52.1,118.2,로거1,실습용 가상 데이터 · 단위 확인 실습용
2026-09-15 08:00,설비B(차체 용접로봇 감속기),0.94,55.6,118.4,로거3,실습용 가상 데이터 · 단위 확인 실습용
2026-09-15 08:20,설비B(차체 용접로봇 감속기),1.05,54.6,117.4,로거3,실습용 가상 데이터 · 단위 확인 실습용
2026-09-15 08:40,설비B(차체 용접로봇 감속기),1.03,55.5,118.0,로거3,실습용 가상 데이터 · 단위 확인 실습용
2026-09-15 09:00,설비B(차체 용접로봇 감속기),1.03,55.8,116.1,로거3,실습용 가상 데이터 · 단위 확인 실습용
2026-09-15 09:20,설비B(차체 용접로봇 감속기),1.05,55.8,118.3,로거3,실습용 가상 데이터 · 단위 확인 실습용
2026-09-15 09:40,설비B(차체 용접로봇 감속기),1.0,55.3,117.4,로거3,실습용 가상 데이터 · 단위 확인 실습용
2026-09-15 10:00,설비B(차체 용접로봇 감속기),1.05,55.7,116.8,로거3,실습용 가상 데이터 · 단위 확인 실습용
2026-09-15 10:20,설비B(차체 용접로봇 감속기),1.01,54.8,118.8,로거3,실습용 가상 데이터 · 단위 확인 실습용
2026-09-15 10:40,설비B(차체 용접로봇 감속기),1.01,54.1,117.5,로거3,실습용 가상 데이터 · 단위 확인 실습용
2026-09-15 11:00,설비B(차체 용접로봇 감속기),0.96,55.7,118.2,로거3,실습용 가상 데이터 · 단위 확인 실습용
2026-09-15 11:20,설비B(차체 용접로봇 감속기),1.02,55.4,117.1,로거3,실습용 가상 데이터 · 단위 확인 실습용
2026-09-15 11:40,설비B(차체 용접로봇 감속기),1.01,55.8,118.0,로거3,실습용 가상 데이터 · 단위 확인 실습용
2026-09-15 12:00,설비B(차체 용접로봇 감속기),1.04,54.3,118.8,로거3,실습용 가상 데이터 · 단위 확인 실습용
2026-09-15 12:20,설비B(차체 용접로봇 감속기),1.04,55.4,119.9,로거3,실습용 가상 데이터 · 단위 확인 실습용
2026-09-15 12:40,설비B(차체 용접로봇 감속기),1.06,56.7,117.3,로거3,실습용 가상 데이터 · 단위 확인 실습용
2026-09-15 13:00,설비B(차체 용접로봇 감속기),1.05,58.2,116.7,로거3,실습용 가상 데이터 · 단위 확인 실습용
2026-09-15 13:20,설비B(차체 용접로봇 감속기),0.043,57.8,117.3,로거4(휴대용),실습용 가상 데이터 · 단위 확인 실습용
2026-09-15 13:40,설비B(차체 용접로봇 감속기),0.043,59.3,119.9,로거4(휴대용),실습용 가상 데이터 · 단위 확인 실습용
2026-09-15 14:00,설비B(차체 용접로봇 감속기),1.12,60.9,119.4,로거3,실습용 가상 데이터 · 단위 확인 실습용
2026-09-15 14:20,설비B(차체 용접로봇 감속기),1.09,60.7,119.5,로거3,실습용 가상 데이터 · 단위 확인 실습용
2026-09-15 14:40,설비B(차체 용접로봇 감속기),1.0,61.4,119.3,로거3,실습용 가상 데이터 · 단위 확인 실습용
2026-09-15 15:00,설비B(차체 용접로봇 감속기),1.3,63.3,1690.0,로거4(휴대용),실습용 가상 데이터 · 단위 확인 실습용
2026-09-15 15:20,설비B(차체 용접로봇 감속기),1.7,63.3,118.7,로거3,실습용 가상 데이터 · 단위 확인 실습용
2026-09-15 15:40,설비B(차체 용접로봇 감속기),2.2,64.0,119.9,로거3,실습용 가상 데이터 · 단위 확인 실습용
2026-09-15 16:00,설비B(차체 용접로봇 감속기),2.9,65.1,118.6,로거3,실습용 가상 데이터 · 단위 확인 실습용
