구분,항목,값,단위,기준기간,집계기준(판매/등록),원자료기관,출처URL,게시일,비고
2025 연간 제조사별,전체 전기차,220177,대,2025년 1~12월,신규등록,KAMA(한국자동차모빌리티산업협회),https://www.hankyung.com/article/202601201164P,2026-01-20,전년 대비 +50.1%. 보도자료 소제목은 '22만대 판매'라고 표기(판매·등록 혼용 사례)
2025 연간 제조사별,기아,60609,대,2025년 1~12월,신규등록,KAMA,https://www.hankyung.com/article/202601201164P,2026-01-20,
2025 연간 제조사별,테슬라,59893,대,2025년 1~12월,신규등록,KAMA,https://www.hankyung.com/article/202601201164P,2026-01-20,
2025 연간 제조사별,현대,55461,대,2025년 1~12월,신규등록,KAMA,https://www.hankyung.com/article/202601201164P,2026-01-20,
2025 연간 구성비,수입 전기차 점유율,42.8,%,2025년 1~12월,신규등록,KAMA,https://www.hankyung.com/article/202601201164P,2026-01-20,국산 57.2%(2022년 75%)
2025 연간 구성비,국산 전기차 점유율,57.2,%,2025년 1~12월,신규등록,KAMA,https://www.hankyung.com/article/202601201164P,2026-01-20,
2025 연간 구성비,중국산 전기차,74728,대,2025년 1~12월,원문 '판매'로 표기,KAMA,https://www.hankyung.com/article/202601201164P,2026-01-20,전년 대비 +112.4%
2025 연간 모델,Model Y(테슬라),50397,대,2025년 1~12월,원문 '판매'로 표기,KAMA,https://www.hankyung.com/article/202601201164P,2026-01-20,승용 전기차 점유율 26.6%
2025 연간 지표,전기차 침투율(구매비중),13.1,%,2025년 1~12월,신규등록 비중,KAMA,https://www.hankyung.com/article/202601201164P,2026-01-20,사상 첫 두 자릿수
연도별 신규등록,전체 전기차,164479,대,2022년,신규등록,기사에 원자료기관 미명시,https://www.dailycar.co.kr/content/news.html?type=view&autoId=61352,2026-04-17,
연도별 신규등록,전체 전기차,162583,대,2023년,신규등록,기사에 원자료기관 미명시,https://www.dailycar.co.kr/content/news.html?type=view&autoId=61352,2026-04-17,
연도별 신규등록,전체 전기차,146882,대,2024년,신규등록,기사에 원자료기관 미명시,https://www.dailycar.co.kr/content/news.html?type=view&autoId=61352,2026-04-17,
연도별 신규등록,전체 전기차,220896,대,2025년,신규등록,기사에 원자료기관 미명시,https://www.dailycar.co.kr/content/news.html?type=view&autoId=61352,2026-04-17,"KAMA 220,177대와 719대 차이 — 출처마다 집계 범위가 다름"
누적 신규등록,전체 전기차(누적),1016960,대,~2026년 3월 누적,신규등록 누적,기사에 원자료기관 미명시,https://www.dailycar.co.kr/content/news.html?type=view&autoId=61352,2026-04-17,말소를 빼지 않은 '누적 신규등록'으로 등록대수(보유 대수)와 다름
