월,브랜드,EV판매대수(대),EV시장전체(대),점유율(%),집계기준,비고
2025-01,A사,2680,8223,32.6,출고(판매) 기준,실습용 가상 데이터
2025-01,B사,1861,8223,22.6,출고(판매) 기준,실습용 가상 데이터
2025-01,C사,1228,8223,14.9,출고(판매) 기준,실습용 가상 데이터
2025-02,A사,2570,8394,30.6,출고(판매) 기준,실습용 가상 데이터
2025-02,B사,1910,8394,22.8,출고(판매) 기준,실습용 가상 데이터
2025-02,C사,1161,8394,13.8,출고(판매) 기준,실습용 가상 데이터
2025-03,A사,2609,8406,31.0,출고(판매) 기준,실습용 가상 데이터
2025-03,B사,2010,8406,23.9,출고(판매) 기준,실습용 가상 데이터
2025-03,C사,1336,8406,15.9,출고(판매) 기준,실습용 가상 데이터
2025-04,A사,2722,8415,32.3,출고(판매) 기준,실습용 가상 데이터
2025-04,B사,1973,8415,23.4,출고(판매) 기준,실습용 가상 데이터
2025-04,C사,1259,8415,15.0,출고(판매) 기준,실습용 가상 데이터
2025-05,A사,2634,8465,31.1,출고(판매) 기준,실습용 가상 데이터
2025-05,B사,1988,8465,23.5,출고(판매) 기준,실습용 가상 데이터
2025-05,C사,1403,8465,16.6,출고(판매) 기준,실습용 가상 데이터
2025-06,A사,2805,8446,33.2,출고(판매) 기준,실습용 가상 데이터
2025-06,B사,1951,8446,23.1,출고(판매) 기준,실습용 가상 데이터
2025-06,C사,1326,8446,15.7,출고(판매) 기준,실습용 가상 데이터
2025-07,A사,3104,9178,33.8,등록 기준,실습용 가상 데이터 · 원 자료 각주: 7월부터 집계 기준을 출고→등록으로 변경
2025-07,B사,2075,9178,22.6,등록 기준,실습용 가상 데이터 · 원 자료 각주: 7월부터 집계 기준을 출고→등록으로 변경
2025-07,C사,1526,9178,16.6,등록 기준,실습용 가상 데이터 · 원 자료 각주: 7월부터 집계 기준을 출고→등록으로 변경
2025-08,A사,3145,9200,34.2,등록 기준,실습용 가상 데이터
2025-08,B사,2114,9200,23.0,등록 기준,실습용 가상 데이터
2025-08,C사,1540,9200,16.7,등록 기준,실습용 가상 데이터
2025-09,A사,3247,9090,35.7,등록 기준,실습용 가상 데이터
2025-09,B사,2034,9090,22.4,등록 기준,실습용 가상 데이터
2025-09,C사,1588,9090,17.5,등록 기준,실습용 가상 데이터
2025-10,A사,3225,9220,35.0,등록 기준,실습용 가상 데이터
2025-10,B사,2150,9220,23.3,등록 기준,실습용 가상 데이터
2025-10,C사,1531,9220,16.6,등록 기준,실습용 가상 데이터
2025-11,A사,3248,9427,34.5,등록 기준,실습용 가상 데이터
2025-11,B사,2173,9427,23.1,등록 기준,실습용 가상 데이터
2025-11,C사,1560,9427,16.5,등록 기준,실습용 가상 데이터
2025-12,A사,3312,9527,34.8,등록 기준,실습용 가상 데이터
2025-12,B사,2214,9527,23.2,등록 기준,실습용 가상 데이터
2025-12,C사,1614,9527,16.9,등록 기준,실습용 가상 데이터
