번호,고객유형(페르소나),리뷰,주제,감정,비고
1,30대 맞벌이 부부(첫 전기차),전용 급속충전망이 잘 돼 있어서 고속도로 충전 걱정은 거의 없어요.,충전,긍정,"실습용 가상 데이터(생성 리뷰, 실제 고객 의견 아님)"
2,30대 맞벌이 부부(첫 전기차),트렁크와 프렁크까지 짐이 많이 들어가서 유모차 싣기 편합니다.,디자인,긍정,"실습용 가상 데이터(생성 리뷰, 실제 고객 의견 아님)"
3,40대 영업직(장거리 출퇴근),주행보조 기능이 장거리 운전 피로를 많이 덜어 줍니다.,주행,긍정,"실습용 가상 데이터(생성 리뷰, 실제 고객 의견 아님)"
4,40대 영업직(장거리 출퇴근),서비스센터가 멀고 예약이 한 달 가까이 밀려서 작은 수리도 오래 걸려요.,서비스,부정,"실습용 가상 데이터(생성 리뷰, 실제 고객 의견 아님)"
5,20대 사회초년생,가격이 몇 번씩 바뀌어서 언제 사야 하는지 감이 안 왔어요.,가격,부정,"실습용 가상 데이터(생성 리뷰, 실제 고객 의견 아님)"
6,20대 사회초년생,앱으로 문 열고 공조 켜는 게 편하고 재밌어요.,서비스,긍정,"실습용 가상 데이터(생성 리뷰, 실제 고객 의견 아님)"
7,50대 자영업자(도심 배송),승차감이 단단한 편이라 과속방지턱 넘을 때 짐이 흔들립니다.,주행,부정,"실습용 가상 데이터(생성 리뷰, 실제 고객 의견 아님)"
8,50대 자영업자(도심 배송),충전 요금이 투명하게 앱에 찍혀서 정산이 쉬워요.,충전,긍정,"실습용 가상 데이터(생성 리뷰, 실제 고객 의견 아님)"
9,30대 IT 직장인(얼리어답터),소프트웨어 업데이트가 자주 와서 차가 계속 새로워지는 느낌입니다.,서비스,긍정,"실습용 가상 데이터(생성 리뷰, 실제 고객 의견 아님)"
10,30대 IT 직장인(얼리어답터),실내 마감 단차가 눈에 띄어서 인도 받을 때 몇 군데 다시 봐 달라고 했어요.,디자인,부정,"실습용 가상 데이터(생성 리뷰, 실제 고객 의견 아님)"
11,60대 은퇴 부부(주말 여행),물리 버튼이 거의 없어서 와이퍼나 공조 조작이 처음엔 너무 어려웠어요.,디자인,부정,"실습용 가상 데이터(생성 리뷰, 실제 고객 의견 아님)"
12,60대 은퇴 부부(주말 여행),고속 주행 안정감이 좋아서 장거리 여행이 편합니다.,주행,긍정,"실습용 가상 데이터(생성 리뷰, 실제 고객 의견 아님)"
13,40대 가장(세컨드카 → 메인카 전환),사고 수리 견적이 생각보다 비싸고 부품 대기도 길었어요.,서비스,부정,"실습용 가상 데이터(생성 리뷰, 실제 고객 의견 아님)"
14,40대 가장(세컨드카 → 메인카 전환),가속이 빨라서 가족들이 처음엔 놀랐지만 금방 익숙해졌어요.,주행,중립,"실습용 가상 데이터(생성 리뷰, 실제 고객 의견 아님)"
15,30대 1인 가구(도심 거주),온라인으로 계약까지 끝나서 매장에 갈 필요가 없었던 건 편했어요.,서비스,긍정,"실습용 가상 데이터(생성 리뷰, 실제 고객 의견 아님)"
16,30대 1인 가구(도심 거주),출고 일정 안내가 자주 바뀌어서 이사 일정과 맞추느라 애먹었어요.,서비스,부정,"실습용 가상 데이터(생성 리뷰, 실제 고객 의견 아님)"
17,40대 법인차 담당자(업무용 운용),보조금 기준이 해마다 바뀌어서 법인 구매 예산 잡기가 까다로워요.,가격,중립,"실습용 가상 데이터(생성 리뷰, 실제 고객 의견 아님)"
18,40대 법인차 담당자(업무용 운용),주행가능거리가 넉넉해서 하루 업무 동선을 한 번 충전으로 소화합니다.,주행,긍정,"실습용 가상 데이터(생성 리뷰, 실제 고객 의견 아님)"
19,20대 대학원생(중고 구매),중고 시세가 신차 가격 인하에 따라 출렁여서 되팔 때가 걱정이에요.,가격,부정,"실습용 가상 데이터(생성 리뷰, 실제 고객 의견 아님)"
20,20대 대학원생(중고 구매),외관은 무난한데 주변에 같은 차가 많아서 개성은 덜해요.,디자인,중립,"실습용 가상 데이터(생성 리뷰, 실제 고객 의견 아님)"
