발표팀,평가기준,핵심질문,배점,점수,코멘트(강점),코멘트(보완)
1팀,도메인 적합성,자동차 현장에 실제로 쓸 수 있는가,40,,,
1팀,검증 절차,데이터 출처·근거가 확인되는가,30,,,
1팀,차별성,남들과 다른 통찰·아이디어가 있는가,30,,,
1팀,합계,,100,,,
2팀,도메인 적합성,자동차 현장에 실제로 쓸 수 있는가,40,,,
2팀,검증 절차,데이터 출처·근거가 확인되는가,30,,,
2팀,차별성,남들과 다른 통찰·아이디어가 있는가,30,,,
2팀,합계,,100,,,
3팀,도메인 적합성,자동차 현장에 실제로 쓸 수 있는가,40,,,
3팀,검증 절차,데이터 출처·근거가 확인되는가,30,,,
3팀,차별성,남들과 다른 통찰·아이디어가 있는가,30,,,
3팀,합계,,100,,,
4팀,도메인 적합성,자동차 현장에 실제로 쓸 수 있는가,40,,,
4팀,검증 절차,데이터 출처·근거가 확인되는가,30,,,
4팀,차별성,남들과 다른 통찰·아이디어가 있는가,30,,,
4팀,합계,,100,,,
5팀,도메인 적합성,자동차 현장에 실제로 쓸 수 있는가,40,,,
5팀,검증 절차,데이터 출처·근거가 확인되는가,30,,,
5팀,차별성,남들과 다른 통찰·아이디어가 있는가,30,,,
5팀,합계,,100,,,
