문의유형,월평균건수,표준응대방향,자동화가능(Y/N/부분),매뉴얼섹션,비고
보증 기간·범위 문의,1850,차종·주행거리 확인 후 매뉴얼 1장 기준 안내,Y,1. 보증 기간·범위,실습용 가상 데이터
정기점검 주기·비용 문의,1420,주행거리·기간 중 먼저 도래하는 기준 안내,Y,2. 정기점검,실습용 가상 데이터
서비스 예약·변경·취소,2300,"앱/콜센터 예약 변경 절차 안내, 당일 변경은 상담원 연결",Y,5. 예약 변경,실습용 가상 데이터
리콜 대상 여부 확인,960,"차대번호(VIN) 조회 절차 안내, 조회 결과는 시스템 기준으로만",Y,3. 리콜 확인 절차,실습용 가상 데이터
EV 충전 방법·충전 오류,1280,"충전 표준 절차·오류 코드 1차 안내, 차량 측 오류는 입고 권유",부분,4. 충전(EV) 문의,실습용 가상 데이터
견적·할인·프로모션 문의,1100,"공시 가격·진행 중 프로모션만 안내, 추가 할인은 영업 담당 연결",부분,6. 견적·할인 정책 한계,실습용 가상 데이터
출고·인도 일정 문의,1350,"계약번호 기준 진행 단계 안내, 확정일은 담당 영업 확인",부분,(매뉴얼 미수록 — 담당자 연결 기준 8장 적용),실습용 가상 데이터
차량 고장·경고등 증상,870,"안전 관련 증상은 즉시 운행 중지·긴급출동 안내, 진단은 하지 않음",부분,8. 담당자 연결 기준,실습용 가상 데이터
개인정보 변경·열람·삭제,340,"본인 확인 후 처리, 챗봇은 접수만",N,7. 개인정보 처리,실습용 가상 데이터
불만·보상 요구,520,"사과·경청 후 즉시 담당자 연결, 보상 약속 금지",N,8. 담당자 연결 기준 · 9. 금지 응답,실습용 가상 데이터
