직무,업무,주당횟수,회당소요(분),주당소요(분),반복성,규칙명확성,비고
영업,딜러 견적 요청 메일 접수·회신 초안,40,12,480,상,하,"실습용 가상 데이터 · 예외 많음(특가·재고·법인) — 보류 후보, 보강 A 기본 가정 업무"
영업,주간 판매 실적 집계·보고,1,90,90,상,상,실습용 가상 데이터
영업,계약 진행 현황 시트 갱신,5,20,100,상,상,실습용 가상 데이터
영업,출고 일정 고객 안내 문자 발송,25,5,125,상,상,실습용 가상 데이터
영업,경쟁사 가격·프로모션 동향 조사,1,120,120,상,중,실습용 가상 데이터 · 2일차 보강 B 레시피와 연결
영업,시승 예약 접수·배정,15,8,120,상,상,실습용 가상 데이터
영업,법인 고객 대량 구매 상담,2,90,180,중,하,실습용 가상 데이터 · 판단·관계 중심 — 자동화 부적합
영업,할인·특가 승인 요청서 작성,6,25,150,중,하,실습용 가상 데이터 · 승인 기준이 사례마다 다름 — 보류 후보
영업,월간 딜러 실적 회의 자료 작성,0.25,240,60,중,중,실습용 가상 데이터 · 월 1회
영업,고객 계약서 서류 누락 점검,10,10,100,상,상,실습용 가상 데이터
영업,재고 차량 배정 조율,8,20,160,상,중,실습용 가상 데이터 · 재고 정보가 여러 시스템에 흩어짐
영업,신규 계약 가격 협상,4,60,240,하,하,실습용 가상 데이터 · 판단·관계 중심 — 자동화 부적합
마케팅,SNS 댓글·반응 모니터링 요약,5,30,150,상,중,실습용 가상 데이터
마케팅,경쟁사 광고·캠페인 스크랩,2,60,120,상,상,실습용 가상 데이터
마케팅,주간 캠페인 성과 지표 집계,1,90,90,상,상,실습용 가상 데이터
마케팅,보도자료 초안 작성,1,120,120,중,중,실습용 가상 데이터 · 사실 확인·승인 필요
마케팅,이벤트 당첨자 추첨·안내,0.5,120,60,중,상,실습용 가상 데이터 · 격주
마케팅,광고 소재 문구 변형안 작성,3,40,120,상,중,실습용 가상 데이터
마케팅,시승 행사 참가자 명단 관리,2,30,60,상,상,실습용 가상 데이터
마케팅,브랜드 가이드 위반 여부 검토,3,30,90,중,하,실습용 가상 데이터 · 해석 여지 큼 — 보류 후보
마케팅,인플루언서 협업 제안 검토,1,60,60,중,하,실습용 가상 데이터 · 판단·관계 중심
마케팅,뉴스레터 발송 준비,1,90,90,상,상,실습용 가상 데이터
마케팅,VOC 키워드 월간 리포트,0.25,180,45,상,중,실습용 가상 데이터 · 2일차 VOC 분석과 연결
마케팅,신규 캠페인 콘셉트 기획,0.5,240,120,하,하,실습용 가상 데이터 · 창의가 핵심 — 자동화 부적합
CS,반복 문의 1차 응대(보증·점검·예약),150,4,600,상,상,실습용 가상 데이터 · 챗봇 1순위 후보
CS,상담 이력 요약·분류 입력,150,2,300,상,상,실습용 가상 데이터
CS,정기점검 예약 변경 처리,40,5,200,상,상,실습용 가상 데이터
CS,리콜 대상 여부 조회 안내,30,4,120,상,상,실습용 가상 데이터
CS,불만 접수 건 담당 부서 이관,20,8,160,상,중,실습용 가상 데이터
CS,보상·환불 요구 응대,6,30,180,중,하,실습용 가상 데이터 · 사례별 판단 — 보류 후보
CS,주간 VOC 동향 보고서 작성,1,120,120,상,중,실습용 가상 데이터
CS,충전 관련 문의 응대,35,6,210,상,중,실습용 가상 데이터 · 충전 사업자별로 안내가 다름
CS,상담 품질 모니터링(녹취 샘플 청취),1,180,180,중,중,실습용 가상 데이터
CS,악성 민원 대응,3,45,135,하,하,실습용 가상 데이터 · 감정·판단 — 자동화 부적합
CS,FAQ 문서 갱신,1,60,60,중,상,실습용 가상 데이터
CS,개인정보 열람·정정 요청 처리,3,20,60,중,상,실습용 가상 데이터 · 본인 확인 절차 필수 — 사람 게이트
상품기획,경쟁 모델 사양·가격 비교표 갱신,1,150,150,상,상,실습용 가상 데이터
상품기획,시장·정책 뉴스 요약(보조금·규제),5,30,150,상,중,실습용 가상 데이터
상품기획,VOC 기반 개선 요구 정리,1,120,120,상,중,실습용 가상 데이터
상품기획,트림·옵션 구성안 검토,0.5,240,120,중,하,실습용 가상 데이터 · 판단 중심 — 보류 후보
상품기획,판매 데이터 대시보드 점검,2,30,60,상,상,실습용 가상 데이터
상품기획,내부 회의록 정리·배포,3,30,90,상,상,실습용 가상 데이터
상품기획,신차 콘셉트 기획,0.25,480,120,하,하,실습용 가상 데이터 · 창의가 핵심 — 자동화 부적합
상품기획,고객 설문 문항 설계,0.25,180,45,중,중,실습용 가상 데이터 · 월 1회
상품기획,설문 결과 집계·요약,0.25,240,60,중,상,실습용 가상 데이터 · 월 1회
상품기획,가격 포지셔닝 시뮬레이션,0.5,180,90,중,중,실습용 가상 데이터
상품기획,부서 간 요구사항 조율 회의,2,60,120,중,하,실습용 가상 데이터 · 관계 중심
상품기획,경쟁사 신차 출시 일정 추적,1,45,45,상,중,실습용 가상 데이터 · 출처마다 일정이 다름 — 확인 필요 표기
